Group ID; User ID; Iteration; X Filtered Pixel; Y Filtered Pixel; X Filtered Normalized; Y Filtered Normalized; X Raw Normalized; Y Raw Normalized; Distance to Camera in mm; Eye Aspect Ratio (Height/Width); Blinking; Timestamp With Milliseconds; Unix Timestamp In Milliseconds; AOI List; Additional Notes
5E6AF189BDAA1A0B355F63AE;GroupB;8;2589;923;0.6742275;0.427344;0.6742275;0.427344;526.8;0.2456886;False;09/02/2023 12:34:53:414;1693683293414;Box Collider2967 hit: (Untagged/SpawnPoint (Path 1)) | Box Collider3269 hit: (Untagged/SpawnPoint (Path 1));
5E6AF189BDAA1A0B355F63AE;GroupB;8;2184;923;0.5688366;0.4276253;0.5044781;0.4346283;531.5;0.2622133;False;09/02/2023 12:34:53:520;1693683293520;Box Collider2967 hit: (Untagged/SpawnPoint (Path 1)) | Box Collider3269 hit: (Untagged/SpawnPoint (Path 1));
5E6AF189BDAA1A0B355F63AE;GroupB;8;2605;919;0.6784687;0.4256491;0.7468345;0.4103156;541.8;0.1683528;False;09/02/2023 12:34:53:662;1693683293662;Box Collider2967 hit: (Untagged/SpawnPoint (Path 1)) | Box Collider3269 hit: (Untagged/SpawnPoint (Path 1));
5E6AF189BDAA1A0B355F63AE;GroupB;8;2631;953;0.685378;0.4413492;0.7061909;0.4850526;542.9;0.2151367;False;09/02/2023 12:34:53:774;1693683293774;Box Collider2967 hit: (Untagged/SpawnPoint (Path 1)) | Box Collider3269 hit: (Untagged/SpawnPoint (Path 1));
5E6AF189BDAA1A0B355F63AE;GroupB;8;2631;962;0.68538;0.44565;0.686599;0.4716359;543.3;0.1999924;False;09/02/2023 12:34:53:930;1693683293930;Box Collider2967 hit: (Untagged/SpawnPoint (Path 1)) | Box Collider3269 hit: (Untagged/SpawnPoint (Path 1));
5E6AF189BDAA1A0B355F63AE;GroupB;8;2660;968;0.6928744;0.4482667;0.7167867;0.4756528;542.2;0.2314824;False;09/02/2023 12:34:54:50;1693683294050;Box Collider2967 hit: (Untagged/SpawnPoint (Path 1)) | Box Collider3269 hit: (Untagged/SpawnPoint (Path 1));
5E6AF189BDAA1A0B355F63AE;GroupB;8;2640;968;0.6877423;0.4483869;0.6707791;0.4652753;540.1;0.2176945;False;09/02/2023 12:34:54:172;1693683294172;Box Collider2967 hit: (Untagged/SpawnPoint (Path 1)) | Box Collider3269 hit: (Untagged/SpawnPoint (Path 1));
5E6AF189BDAA1A0B355F63AE;GroupB;8;2640;986;0.6877407;0.4569275;0.6872862;0.4995854;537.5;0.2207049;False;09/02/2023 12:34:54:296;1693683294296;Box Collider2967 hit: (Untagged/SpawnPoint (Path 1)) | Box Collider3269 hit: (Untagged/SpawnPoint (Path 1));
5E6AF189BDAA1A0B355F63AE;GroupB;8;2639;987;0.6873661;0.4570097;0.6811886;0.4800758;538.0;0.2288045;False;09/02/2023 12:34:54:410;1693683294410;Box Collider2967 hit: (Untagged/SpawnPoint (Path 1)) | Box Collider3269 hit: (Untagged/SpawnPoint (Path 1));
5E6AF189BDAA1A0B355F63AE;GroupB;8;2815;990;0.7331628;0.4583921;0.7813945;0.4885519;539.6;0.2175136;False;09/02/2023 12:34:54:519;1693683294519;Box Collider2967 hit: (Untagged/SpawnPoint (Path 1)) | Box Collider3269 hit: (Untagged/SpawnPoint (Path 1));
5E6AF189BDAA1A0B355F63AE;GroupB;8;2788;990;0.726301;0.4584892;0.6994889;0.4831524;540.4;0.2303441;False;09/02/2023 12:34:54:640;1693683294640;Box Collider2967 hit: (Untagged/SpawnPoint (Path 1)) | Box Collider3269 hit: (Untagged/SpawnPoint (Path 1));
5E6AF189BDAA1A0B355F63AE;GroupB;8;2747;991;0.7154548;0.4589737;0.6805151;0.4790202;541.3;0.2032908;False;09/02/2023 12:34:54:741;1693683294741;Box Collider2967 hit: (Untagged/SpawnPoint (Path 1)) | Box Collider3269 hit: (Untagged/SpawnPoint (Path 1));
5E6AF189BDAA1A0B355F63AE;GroupB;8;2729;991;0.7108306;0.4591686;0.6832986;0.4830982;542.4;0.1985139;False;09/02/2023 12:34:54:848;1693683294848;Box Collider2967 hit: (Untagged/SpawnPoint (Path 1)) | Box Collider3269 hit: (Untagged/SpawnPoint (Path 1));
5E6AF189BDAA1A0B355F63AE;GroupB;8;2162;992;0.5631621;0.459423;0.4906661;0.4839874;542.7;0.2107403;False;09/02/2023 12:34:54:962;1693683294962;Box Collider2967 hit: (Untagged/SpawnPoint (Path 1)) | Box Collider3269 hit: (Untagged/SpawnPoint (Path 1));
5E6AF189BDAA1A0B355F63AE;GroupB;8;1913;992;0.4984118;0.4596646;0.4559067;0.4616827;543.9;0.1961735;False;09/02/2023 12:34:55:73;1693683295073;Box Collider2967 hit: (Untagged/SpawnPoint (Path 1)) | Box Collider3269 hit: (Untagged/SpawnPoint (Path 1));
5E6AF189BDAA1A0B355F63AE;GroupB;8;1932;992;0.5032833;0.4596551;0.5270291;0.459548;540.3;0.2170006;False;09/02/2023 12:34:55:200;1693683295200;Box Collider2967 hit: (Untagged/SpawnPoint (Path 1)) | Box Collider3269 hit: (Untagged/SpawnPoint (Path 1));
5E6AF189BDAA1A0B355F63AE;GroupB;8;1951;993;0.5081767;0.4597463;0.5494088;0.4633255;537.6;0.2075103;False;09/02/2023 12:34:55:314;1693683295314;;
5E6AF189BDAA1A0B355F63AE;GroupB;8;1927;996;0.501871;0.461506;0.4901923;0.4811902;537.9;0.2142485;False;09/02/2023 12:34:55:432;1693683295432;;
5E6AF189BDAA1A0B355F63AE;GroupB;8;1952;997;0.5085586;0.4616682;0.5410559;0.4666174;539.0;0.211158;False;09/02/2023 12:34:55:541;1693683295541;;
5E6AF189BDAA1A0B355F63AE;GroupB;8;2357;997;0.613862;0.4616496;0.6858637;0.4612506;540.4;0.2109788;False;09/02/2023 12:34:55:642;1693683295642;;
5E6AF189BDAA1A0B355F63AE;GroupB;8;2468;997;0.6427819;0.4617183;0.6767607;0.4684129;542.0;0.214638;False;09/02/2023 12:34:55:749;1693683295749;;
5E6AF189BDAA1A0B355F63AE;GroupB;8;1904;1004;0.4960744;0.4649146;0.4193484;0.4908057;541.6;0.2072739;False;09/02/2023 12:34:55:849;1693683295849;;
5E6AF189BDAA1A0B355F63AE;GroupB;8;1923;1007;0.5008586;0.4663976;0.5188589;0.4883029;543.7;0.1813358;False;09/02/2023 12:34:55:962;1693683295962;;
5E6AF189BDAA1A0B355F63AE;GroupB;8;1534;1019;0.3995181;0.4722063;0.3457113;0.5091957;545.1;0.1840663;False;09/02/2023 12:34:56:74;1693683296074;Box Collider2967 hit: (Untagged/Lamps Left) | Box Collider3269 hit: (Untagged/Lamps Left);
5E6AF189BDAA1A0B355F63AE;GroupB;8;1984;1016;0.5168606;0.4706545;0.6013548;0.4615004;548.1;0.1866311;False;09/02/2023 12:34:56:179;1693683296179;;
5E6AF189BDAA1A0B355F63AE;GroupB;8;2280;1015;0.5938183;0.4700521;0.6510209;0.4636054;549.0;0.2080736;False;09/02/2023 12:34:56:288;1693683296288;;
5E6AF189BDAA1A0B355F63AE;GroupB;8;2505;1015;0.652347;0.4701129;0.6994455;0.4755525;549.0;0.2019181;False;09/02/2023 12:34:56:392;1693683296392;;
5E6AF189BDAA1A0B355F63AE;GroupB;8;2432;1012;0.6334814;0.468716;0.5828419;0.4553744;548.5;0.2107794;False;09/02/2023 12:34:56:500;1693683296500;;
5E6AF189BDAA1A0B355F63AE;GroupB;8;2461;1015;0.6409392;0.4701012;0.6565555;0.4846552;549.1;0.2098985;False;09/02/2023 12:34:56:600;1693683296600;;
5E6AF189BDAA1A0B355F63AE;GroupB;8;2489;1015;0.648198;0.4701207;0.6672899;0.4744369;547.5;0.2018392;False;09/02/2023 12:34:56:697;1693683296697;;
5E6AF189BDAA1A0B355F63AE;GroupB;8;2255;1015;0.5873771;0.469952;0.5296279;0.4660146;545.4;0.197844;False;09/02/2023 12:34:56:799;1693683296799;Box Collider2967 hit: (Untagged/Lamps Left) | Box Collider3269 hit: (Untagged/Lamps Left);
5E6AF189BDAA1A0B355F63AE;GroupB;8;1654;1021;0.4307916;0.4728639;0.3617433;0.4950227;545.1;0.2064193;False;09/02/2023 12:34:56:904;1693683296904;;
5E6AF189BDAA1A0B355F63AE;GroupB;8;1969;1021;0.5127884;0.4729307;0.60005;0.4751788;545.7;0.2213573;False;09/02/2023 12:34:57:12;1693683297012;;
5E6AF189BDAA1A0B355F63AE;GroupB;8;1960;1021;0.5105449;0.4728507;0.5043734;0.4708826;545.2;0.2148727;False;09/02/2023 12:34:57:116;1693683297116;;
5E6AF189BDAA1A0B355F63AE;GroupB;8;1939;1027;0.5049992;0.4755274;0.489741;0.4976315;544.4;0.2264826;False;09/02/2023 12:34:57:221;1693683297221;;
5E6AF189BDAA1A0B355F63AE;GroupB;8;2159;1027;0.5624691;0.4756173;0.6194817;0.4784963;542.9;0.2083914;False;09/02/2023 12:34:57:323;1693683297323;Box Collider2967 hit: (Untagged/prefab_parkingAdd (11)) | Box Collider3269 hit: (Untagged/prefab_parkingAdd (11));
5E6AF189BDAA1A0B355F63AE;GroupB;8;2189;1027;0.5702627;0.4754678;0.5913588;0.4726442;540.6;0.2094546;False;09/02/2023 12:34:57:434;1693683297434;Box Collider2967 hit: (Untagged/OccludedTriggerEnd) | Box Collider3269 hit: (Untagged/OccludedTriggerEnd);
5E6AF189BDAA1A0B355F63AE;GroupB;8;2515;1027;0.6550903;0.4756061;0.7153434;0.4820232;542.2;0.2142663;False;09/02/2023 12:34:57:540;1693683297540;;
5E6AF189BDAA1A0B355F63AE;GroupB;8;1920;1030;0.5001178;0.4769312;0.420132;0.4942061;541.5;0.2090971;False;09/02/2023 12:34:57:640;1693683297640;;
5E6AF189BDAA1A0B355F63AE;GroupB;8;1971;1030;0.5134062;0.4769791;0.5697721;0.4860747;540.9;0.2295621;False;09/02/2023 12:34:57:763;1693683297763;;
5E6AF189BDAA1A0B355F63AE;GroupB;8;2146;1030;0.5590545;0.4771495;0.6264353;0.4883019;541.4;0.2136639;False;09/02/2023 12:34:57:872;1693683297872;Box Collider2967 hit: (Untagged/OccludedTriggerEnd) | Box Collider3269 hit: (Untagged/OccludedTriggerEnd);
5E6AF189BDAA1A0B355F63AE;GroupB;8;1998;1031;0.5203163;0.4773857;0.4840707;0.4897972;544.9;0.1989424;False;09/02/2023 12:34:57:996;1693683297996;Box Collider2967 hit: (Untagged/OccludedTriggerEnd) | Box Collider3269 hit: (Untagged/OccludedTriggerEnd);
5E6AF189BDAA1A0B355F63AE;GroupB;8;1787;1030;0.4655853;0.4771124;0.4198702;0.473715;545.5;0.2100944;False;09/02/2023 12:34:58:106;1693683298106;;
5E6AF189BDAA1A0B355F63AE;GroupB;8;2184;1024;0.568946;0.4745027;0.6385669;0.4566064;544.8;0.2232133;False;09/02/2023 12:34:58:220;1693683298220;;
5E6AF189BDAA1A0B355F63AE;GroupB;8;2357;1022;0.6138672;0.4734084;0.6551898;0.4589553;542.2;0.2230653;False;09/02/2023 12:34:58:346;1693683298346;Box Collider2967 hit: (Untagged/pipe (22)) | Box Collider3269 hit: (Untagged/pipe (22));
5E6AF189BDAA1A0B355F63AE;GroupB;8;2422;1021;0.6309709;0.4731307;0.6581257;0.4619013;542.3;0.2172809;False;09/02/2023 12:34:58:467;1693683298467;;
5E6AF189BDAA1A0B355F63AE;GroupB;8;2406;1022;0.6267827;0.473493;0.6047276;0.4781548;542.7;0.2035726;False;09/02/2023 12:34:58:576;1693683298576;Box Collider2967 hit: (Untagged/OccludedTriggerEnd) | Box Collider3269 hit: (Untagged/OccludedTriggerEnd);
5E6AF189BDAA1A0B355F63AE;GroupB;8;2425;1022;0.6317561;0.4734748;0.6463789;0.4723762;539.4;0.210442;False;09/02/2023 12:34:58:714;1693683298714;Box Collider2967 hit: (Untagged/OccludedTriggerEnd) | Box Collider3269 hit: (Untagged/OccludedTriggerEnd);
5E6AF189BDAA1A0B355F63AE;GroupB;8;2473;1022;0.6441267;0.4734868;0.6716787;0.4741039;541.3;0.2208152;False;09/02/2023 12:34:58:844;1693683298844;;
5E6AF189BDAA1A0B355F63AE;GroupB;8;2367;1020;0.6165286;0.4724016;0.579476;0.4590687;544.5;0.2262431;False;09/02/2023 12:34:58:971;1693683298971;Box Collider2967 hit: (Untagged/OccludedTriggerEnd) | Box Collider3269 hit: (Untagged/OccludedTriggerEnd);
5E6AF189BDAA1A0B355F63AE;GroupB;8;2344;1021;0.610597;0.4727676;0.5903932;0.4780154;546.6;0.2146263;False;09/02/2023 12:34:59:97;1693683299097;Box Collider2967 hit: (Untagged/OccludedTriggerEnd) | Box Collider3269 hit: (Untagged/OccludedTriggerEnd);
5E6AF189BDAA1A0B355F63AE;GroupB;8;2428;1021;0.6324712;0.4728433;0.66649;0.4757721;550.1;0.2360591;False;09/02/2023 12:34:59:221;1693683299221;Box Collider2967 hit: (Untagged/OccludedTriggerEnd) | Box Collider3269 hit: (Untagged/OccludedTriggerEnd);
5E6AF189BDAA1A0B355F63AE;GroupB;8;2446;1016;0.6370336;0.4706278;0.6550733;0.4532198;553.0;0.2234142;False;09/02/2023 12:34:59:358;1693683299358;Box Collider2967 hit: (Untagged/OccludedTriggerEnd) | Box Collider3269 hit: (Untagged/OccludedTriggerEnd);
5E6AF189BDAA1A0B355F63AE;GroupB;8;2450;1015;0.6380583;0.4703525;0.6506097;0.4597925;553.6;0.2354691;False;09/02/2023 12:34:59:479;1693683299479;Box Collider2967 hit: (Untagged/OccludedTriggerEnd) | Box Collider3269 hit: (Untagged/OccludedTriggerEnd);
5E6AF189BDAA1A0B355F63AE;GroupB;8;2450;1019;0.6381906;0.4717931;0.6475124;0.4833133;555.8;0.2288012;False;09/02/2023 12:34:59:601;1693683299601;Box Collider2967 hit: (Untagged/prefab_parkingAdd (11)) | Box Collider3269 hit: (Untagged/prefab_parkingAdd (11));
5E6AF189BDAA1A0B355F63AE;GroupB;8;2376;1019;0.6187812;0.4718085;0.5888465;0.4731168;554.4;0.2243801;False;09/02/2023 12:34:59:739;1693683299739;Box Collider2967 hit: (Untagged/OccludedTriggerEnd) | Box Collider3269 hit: (Untagged/OccludedTriggerEnd);
5E6AF189BDAA1A0B355F63AE;GroupB;8;2306;1011;0.6007689;0.4682577;0.567706;0.4455831;553.0;0.2135729;False;09/02/2023 12:34:59:859;1693683299859;Box Collider2967 hit: (Untagged/OccludedTriggerEnd) | Box Collider3269 hit: (Untagged/OccludedTriggerEnd);
5E6AF189BDAA1A0B355F63AE;GroupB;8;2299;1011;0.5987839;0.4682167;0.5844005;0.4616219;552.6;0.2163297;False;09/02/2023 12:34:59:983;1693683299983;Box Collider2967 hit: (Untagged/OccludedTriggerEnd) | Box Collider3269 hit: (Untagged/OccludedTriggerEnd);
5E6AF189BDAA1A0B355F63AE;GroupB;8;2403;1011;0.6259983;0.4681383;0.6608293;0.465272;551.0;0.211034;False;09/02/2023 12:35:00:123;1693683300123;Box Collider2967 hit: (Untagged/OccludedTriggerEnd) | Box Collider3269 hit: (Untagged/OccludedTriggerEnd);
5E6AF189BDAA1A0B355F63AE;GroupB;8;2387;1008;0.6218067;0.4670342;0.6027203;0.4511415;549.9;0.229498;False;09/02/2023 12:35:00:241;1693683300241;Box Collider2967 hit: (Untagged/OccludedTriggerEnd) | Box Collider3269 hit: (Untagged/OccludedTriggerEnd);
5E6AF189BDAA1A0B355F63AE;GroupB;8;2010;1009;0.5236741;0.4672325;0.4632831;0.4699544;547.7;0.2242223;False;09/02/2023 12:35:00:368;1693683300368;;
5E6AF189BDAA1A0B355F63AE;GroupB;8;2015;1009;0.5249833;0.4672546;0.533973;0.4680214;545.8;0.2229909;False;09/02/2023 12:35:00:492;1693683300492;;
5E6AF189BDAA1A0B355F63AE;GroupB;8;2001;1003;0.5211859;0.4644485;0.5102817;0.4437399;544.1;0.2360083;False;09/02/2023 12:35:00:627;1693683300627;;
5E6AF189BDAA1A0B355F63AE;GroupB;8;1772;1009;0.461459;0.4674229;0.4135438;0.4841587;541.8;0.2269298;False;09/02/2023 12:35:00:760;1693683300760;;
5E6AF189BDAA1A0B355F63AE;GroupB;8;1737;1009;0.4525148;0.4673511;0.4326576;0.4644305;544.0;0.2239611;False;09/02/2023 12:35:00:881;1693683300881;;
5E6AF189BDAA1A0B355F63AE;GroupB;8;2062;999;0.5369877;0.4629231;0.5941527;0.437782;544.2;0.2175595;False;09/02/2023 12:35:01:9;1693683301009;;
5E6AF189BDAA1A0B355F63AE;GroupB;8;2075;999;0.540507;0.4628023;0.5507236;0.458946;542.4;0.2258872;False;09/02/2023 12:35:01:133;1693683301133;;
5E6AF189BDAA1A0B355F63AE;GroupB;8;2074;996;0.5402305;0.4611579;0.5299877;0.4418795;541.1;0.2496327;False;09/02/2023 12:35:01:258;1693683301258;;
5E6AF189BDAA1A0B355F63AE;GroupB;8;1981;999;0.516136;0.4625831;0.4731696;0.4736026;539.1;0.2177486;False;09/02/2023 12:35:01:364;1693683301364;;
5E6AF189BDAA1A0B355F63AE;GroupB;8;2072;998;0.5396895;0.4623936;0.5735268;0.4551011;538.5;0.225987;False;09/02/2023 12:35:01:490;1693683301490;;
5E6AF189BDAA1A0B355F63AE;GroupB;8;1975;999;0.5143639;0.4626119;0.4739002;0.4667638;537.6;0.2040646;False;09/02/2023 12:35:01:600;1693683301600;;
5E6AF189BDAA1A0B355F63AE;GroupB;8;2021;999;0.5264116;0.4627697;0.5533275;0.4671738;537.4;0.2113715;False;09/02/2023 12:35:01:724;1693683301724;;
5E6AF189BDAA1A0B355F63AE;GroupB;8;2018;997;0.5255623;0.461868;0.5182449;0.4503289;537.3;0.2121606;False;09/02/2023 12:35:01:840;1693683301840;;
5E6AF189BDAA1A0B355F63AE;GroupB;8;2150;1000;0.560096;0.463158;0.6028789;0.4757133;538.9;0.2352313;False;09/02/2023 12:35:01:960;1693683301960;;
5E6AF189BDAA1A0B355F63AE;GroupB;8;2162;1000;0.5630816;0.4631512;0.5779978;0.4627551;541.7;0.2349373;False;09/02/2023 12:35:02:74;1693683302074;;
5E6AF189BDAA1A0B355F63AE;GroupB;8;2275;1003;0.5926523;0.4647201;0.6323286;0.4802242;544.9;0.2158652;False;09/02/2023 12:35:02:214;1693683302214;;
5E6AF189BDAA1A0B355F63AE;GroupB;8;2327;1003;0.6060153;0.4647386;0.6389273;0.471466;543.7;0.2142013;False;09/02/2023 12:35:02:322;1693683302322;;
5E6AF189BDAA1A0B355F63AE;GroupB;8;2405;1007;0.6265228;0.4663305;0.6636661;0.4850992;538.7;0.215734;False;09/02/2023 12:35:02:459;1693683302459;;
5E6AF189BDAA1A0B355F63AE;GroupB;8;2343;1005;0.6102142;0.4653357;0.5811214;0.4569518;541.4;0.2134268;False;09/02/2023 12:35:02:572;1693683302572;;
5E6AF189BDAA1A0B355F63AE;GroupB;8;2237;1004;0.5826297;0.4651721;0.5452943;0.4616506;540.8;0.219502;False;09/02/2023 12:35:02:700;1693683302700;;
5E6AF189BDAA1A0B355F63AE;GroupB;8;2114;1005;0.5507444;0.4654002;0.5089287;0.4718383;542.4;0.208372;False;09/02/2023 12:35:02:818;1693683302818;;
5E6AF189BDAA1A0B355F63AE;GroupB;8;2159;1006;0.5623801;0.4661039;0.5920322;0.478589;542.8;0.1957147;False;09/02/2023 12:35:02:925;1693683302925;;
5E6AF189BDAA1A0B355F63AE;GroupB;8;2320;1006;0.6043664;0.4661379;0.6531137;0.4714899;540.6;0.2071838;False;09/02/2023 12:35:03:40;1693683303040;;
5E6AF189BDAA1A0B355F63AE;GroupB;8;2414;1006;0.6286801;0.4657786;0.6653784;0.460622;539.5;0.2253283;False;09/02/2023 12:35:03:166;1693683303166;;
5E6AF189BDAA1A0B355F63AE;GroupB;8;2374;1007;0.6182305;0.4663627;0.5918576;0.4767492;537.3;0.2097891;False;09/02/2023 12:35:03:281;1693683303281;;
5E6AF189BDAA1A0B355F63AE;GroupB;8;2440;1007;0.6356436;0.4664896;0.6683923;0.4740018;539.1;0.2077243;False;09/02/2023 12:35:03:391;1693683303391;Box Collider2967 hit: (Untagged/prefab_statue) | Box Collider3269 hit: (Untagged/prefab_statue);
5E6AF189BDAA1A0B355F63AE;GroupB;8;2395;1006;0.6238241;0.466151;0.5961296;0.4610978;540.1;0.2081306;False;09/02/2023 12:35:03:515;1693683303515;Box Collider2967 hit: (Untagged/prefab_statue) | Box Collider3269 hit: (Untagged/prefab_statue);
5E6AF189BDAA1A0B355F63AE;GroupB;8;2283;1007;0.5946106;0.4663181;0.5518214;0.4722199;543.8;0.2156843;False;09/02/2023 12:35:03:630;1693683303630;;
5E6AF189BDAA1A0B355F63AE;GroupB;8;2168;1007;0.5646933;0.4663299;0.5226715;0.4687193;546.1;0.2047049;False;09/02/2023 12:35:03:752;1693683303752;;
5E6AF189BDAA1A0B355F63AE;GroupB;8;2114;1007;0.5506012;0.4663376;0.5195302;0.4687311;548.3;0.2070532;False;09/02/2023 12:35:03:883;1693683303883;;
5E6AF189BDAA1A0B355F63AE;GroupB;8;2127;1006;0.5540031;0.4659753;0.5664699;0.4598248;545.4;0.2239404;False;09/02/2023 12:35:04:22;1693683304022;;
5E6AF189BDAA1A0B355F63AE;GroupB;8;2220;1005;0.5782083;0.4657241;0.6150002;0.4587912;544.0;0.2337325;False;09/02/2023 12:35:04:150;1693683304150;;
5E6AF189BDAA1A0B355F63AE;GroupB;8;2115;1004;0.5508873;0.4651076;0.514087;0.4536075;545.4;0.2148941;False;09/02/2023 12:35:04:285;1693683304285;;
5E6AF189BDAA1A0B355F63AE;GroupB;8;2323;1006;0.6050518;0.4657778;0.6530945;0.4730344;547.3;0.2239076;False;09/02/2023 12:35:04:418;1693683304418;;
5E6AF189BDAA1A0B355F63AE;GroupB;8;2210;1001;0.5757143;0.4636411;0.532824;0.4454596;547.2;0.2134142;False;09/02/2023 12:35:04:544;1693683304544;;
5E6AF189BDAA1A0B355F63AE;GroupB;8;1891;1001;0.4926409;0.4636938;0.4333369;0.4647514;546.3;0.223488;False;09/02/2023 12:35:04:663;1693683304663;Box Collider2967 hit: (Untagged/prefab_statue) | Box Collider3269 hit: (Untagged/prefab_statue);
5E6AF189BDAA1A0B355F63AE;GroupB;8;2126;1001;0.5537421;0.4636711;0.6098439;0.4614903;543.5;0.2295919;False;09/02/2023 12:35:04:796;1693683304796;;
5E6AF189BDAA1A0B355F63AE;GroupB;8;2145;998;0.5587825;0.4622422;0.5792165;0.4458838;541.8;0.2155645;False;09/02/2023 12:35:04:917;1693683304917;;
5E6AF189BDAA1A0B355F63AE;GroupB;8;2134;998;0.5558445;0.4621486;0.5433139;0.4583275;542.6;0.2065351;False;09/02/2023 12:35:05:38;1693683305038;Box Collider2967 hit: (Untagged/OccludedTriggerEnd) | Box Collider3269 hit: (Untagged/OccludedTriggerEnd);
5E6AF189BDAA1A0B355F63AE;GroupB;8;2136;997;0.5564785;0.4616821;0.5639883;0.4496698;539.4;0.2313581;False;09/02/2023 12:35:05:163;1693683305163;Box Collider2967 hit: (Untagged/OccludedTriggerEnd) | Box Collider3269 hit: (Untagged/OccludedTriggerEnd);
5E6AF189BDAA1A0B355F63AE;GroupB;8;2116;1000;0.5511819;0.4631988;0.5334287;0.474351;540.2;0.2130051;False;09/02/2023 12:35:05:305;1693683305305;Box Collider2967 hit: (Untagged/OccludedTriggerEnd) | Box Collider3269 hit: (Untagged/OccludedTriggerEnd);
5E6AF189BDAA1A0B355F63AE;GroupB;8;1814;1006;0.4725258;0.4659638;0.419165;0.4852211;544.9;0.2144375;False;09/02/2023 12:35:05:450;1693683305450;Box Collider2967 hit: (Untagged/OccludedTriggerEnd) | Box Collider3269 hit: (Untagged/OccludedTriggerEnd);
5E6AF189BDAA1A0B355F63AE;GroupB;8;1880;1005;0.489735;0.4653888;0.5278253;0.4590154;546.0;0.2120266;False;09/02/2023 12:35:05:580;1693683305580;Box Collider2967 hit: (Untagged/OccludedTriggerEnd) | Box Collider3269 hit: (Untagged/OccludedTriggerEnd);
5E6AF189BDAA1A0B355F63AE;GroupB;8;2016;1005;0.5250677;0.4655161;0.5733641;0.4708969;544.1;0.219531;False;09/02/2023 12:35:05:706;1693683305706;Box Collider2967 hit: (Untagged/OccludedTriggerEnd) | Box Collider3269 hit: (Untagged/OccludedTriggerEnd);
5E6AF189BDAA1A0B355F63AE;GroupB;8;2381;1007;0.6200815;0.4662558;0.6829193;0.4788501;543.7;0.2319653;False;09/02/2023 12:35:05:824;1693683305824;Box Collider2967 hit: (Untagged/OccludedTriggerEnd) | Box Collider3269 hit: (Untagged/OccludedTriggerEnd);
5E6AF189BDAA1A0B355F63AE;GroupB;8;2367;1005;0.6164443;0.4653793;0.5869032;0.4568422;541.2;0.2230964;False;09/02/2023 12:35:05:960;1693683305960;Box Collider2967 hit: (Untagged/OccludedTriggerEnd) | Box Collider3269 hit: (Untagged/OccludedTriggerEnd);
5E6AF189BDAA1A0B355F63AE;GroupB;8;2263;1000;0.5894336;0.4631383;0.5418235;0.4454361;539.9;0.207981;False;09/02/2023 12:35:06:96;1693683306096;Box Collider2967 hit: (Untagged/OccludedTriggerEnd) | Box Collider3269 hit: (Untagged/OccludedTriggerEnd);
5E6AF189BDAA1A0B355F63AE;GroupB;8;2244;997;0.5843945;0.4615864;0.5541254;0.4428923;536.6;0.211988;False;09/02/2023 12:35:06:228;1693683306228;Box Collider2967 hit: (Untagged/OccludedTriggerEnd) | Box Collider3269 hit: (Untagged/OccludedTriggerEnd);
5E6AF189BDAA1A0B355F63AE;GroupB;8;2430;1000;0.632929;0.4633202;0.6754831;0.4754015;534.4;0.2265648;False;09/02/2023 12:35:06:342;1693683306342;Box Collider2967 hit: (Untagged/OccludedTriggerEnd) | Box Collider3269 hit: (Untagged/OccludedTriggerEnd);
5E6AF189BDAA1A0B355F63AE;GroupB;8;2293;1002;0.5973076;0.4639457;0.5460063;0.4725192;534.8;0.2176053;False;09/02/2023 12:35:06:473;1693683306473;Box Collider2967 hit: (Untagged/OccludedTriggerEnd) | Box Collider3269 hit: (Untagged/OccludedTriggerEnd);
5E6AF189BDAA1A0B355F63AE;GroupB;8;2292;1001;0.596948;0.4638173;0.583288;0.4602641;534.1;0.2244734;False;09/02/2023 12:35:06:603;1693683306603;Box Collider2967 hit: (Untagged/OccludedTriggerEnd) | Box Collider3269 hit: (Untagged/OccludedTriggerEnd);
5E6AF189BDAA1A0B355F63AE;GroupB;8;2266;1000;0.5901813;0.4630505;0.5610977;0.4522343;533.0;0.218132;False;09/02/2023 12:35:06:738;1693683306738;Box Collider2967 hit: (Untagged/OccludedTriggerEnd) | Box Collider3269 hit: (Untagged/OccludedTriggerEnd);
5E6AF189BDAA1A0B355F63AE;GroupB;8;2414;1001;0.6288301;0.4636167;0.6673696;0.4710321;533.7;0.2199628;False;09/02/2023 12:35:06:862;1693683306862;Box Collider2967 hit: (Untagged/OccludedTriggerEnd) | Box Collider3269 hit: (Untagged/OccludedTriggerEnd);
5E6AF189BDAA1A0B355F63AE;GroupB;8;2487;1002;0.6477022;0.4643293;0.6765183;0.475047;533.3;0.2205773;False;09/02/2023 12:35:06:984;1693683306984;Box Collider2967 hit: (Untagged/OccludedTriggerEnd) | Box Collider3269 hit: (Untagged/OccludedTriggerEnd);
5E6AF189BDAA1A0B355F63AE;GroupB;8;2501;1004;0.651488;0.4649504;0.6660129;0.477226;534.8;0.2251731;False;09/02/2023 12:35:07:105;1693683307105;Box Collider2967 hit: (Untagged/OccludedTriggerEnd) | Box Collider3269 hit: (Untagged/OccludedTriggerEnd);
5E6AF189BDAA1A0B355F63AE;GroupB;8;2521;1011;0.6566839;0.4682258;0.6769237;0.4942303;537.0;0.224533;False;09/02/2023 12:35:07:220;1693683307220;;
5E6AF189BDAA1A0B355F63AE;GroupB;8;2521;1016;0.6567647;0.470674;0.663404;0.4963924;536.8;0.2205008;False;09/02/2023 12:35:07:361;1693683307361;;
5E6AF189BDAA1A0B355F63AE;GroupB;8;2525;1014;0.6575964;0.4698319;0.6696793;0.4638188;540.8;0.2209879;False;09/02/2023 12:35:07:474;1693683307474;;
5E6AF189BDAA1A0B355F63AE;GroupB;8;2525;1013;0.6577557;0.4690378;0.6609021;0.4611664;543.4;0.2152828;False;09/02/2023 12:35:07:595;1693683307595;;
5E6AF189BDAA1A0B355F63AE;GroupB;8;2505;1012;0.6524389;0.4685661;0.6340784;0.4604561;543.7;0.2153883;False;09/02/2023 12:35:07:703;1693683307703;;
5E6AF189BDAA1A0B355F63AE;GroupB;8;2514;1013;0.6548234;0.4692603;0.6687461;0.4791075;546.9;0.2203299;False;09/02/2023 12:35:07:816;1693683307816;;
5E6AF189BDAA1A0B355F63AE;GroupB;8;2498;1010;0.6506662;0.467919;0.6346286;0.4548873;548.1;0.221189;False;09/02/2023 12:35:07:943;1693683307943;;
5E6AF189BDAA1A0B355F63AE;GroupB;8;2467;1010;0.642624;0.4679086;0.6163672;0.4639334;548.4;0.2305725;False;09/02/2023 12:35:08:49;1693683308049;;
5E6AF189BDAA1A0B355F63AE;GroupB;8;2468;1010;0.6427336;0.4678063;0.6438665;0.4616599;550.4;0.2237151;False;09/02/2023 12:35:08:189;1693683308189;Box Collider2967 hit: (Untagged/prefab_metallicSup (9)) | Box Collider3269 hit: (Untagged/prefab_metallicSup (9));
5E6AF189BDAA1A0B355F63AE;GroupB;8;2509;1012;0.6535872;0.4687891;0.6798751;0.4792671;550.9;0.2165702;False;09/02/2023 12:35:08:305;1693683308305;;
5E6AF189BDAA1A0B355F63AE;GroupB;8;2509;1012;0.6535633;0.46892;0.6529254;0.4740332;551.7;0.2242162;False;09/02/2023 12:35:08:428;1693683308428;;
5E6AF189BDAA1A0B355F63AE;GroupB;8;2278;1013;0.5933895;0.4691096;0.5405581;0.4762742;553.4;0.2224433;False;09/02/2023 12:35:08:540;1693683308540;;
5E6AF189BDAA1A0B355F63AE;GroupB;8;2159;1013;0.5622565;0.4691331;0.5243046;0.4704362;554.7;0.228148;False;09/02/2023 12:35:08:649;1693683308649;;
5E6AF189BDAA1A0B355F63AE;GroupB;8;2191;1011;0.5707144;0.4684554;0.6013094;0.4592845;557.6;0.2225865;False;09/02/2023 12:35:08:761;1693683308761;;
5E6AF189BDAA1A0B355F63AE;GroupB;8;2133;1008;0.5555733;0.4670558;0.5297509;0.4516999;559.5;0.2103725;False;09/02/2023 12:35:08:886;1693683308886;;
5E6AF189BDAA1A0B355F63AE;GroupB;8;2182;1003;0.5683573;0.4644682;0.5992497;0.4416532;558.9;0.2162276;False;09/02/2023 12:35:09:14;1693683309014;;
5E6AF189BDAA1A0B355F63AE;GroupB;8;2376;1005;0.618794;0.4654562;0.673961;0.4738362;560.3;0.2283085;False;09/02/2023 12:35:09:117;1693683309117;;
5E6AF189BDAA1A0B355F63AE;GroupB;8;2387;1006;0.6217073;0.465992;0.6364976;0.4736045;559.6;0.2252673;False;09/02/2023 12:35:09:221;1693683309221;;
5E6AF189BDAA1A0B355F63AE;GroupB;8;2235;1006;0.5821829;0.466101;0.5340894;0.4704671;559.0;0.2149778;False;09/02/2023 12:35:09:318;1693683309318;;
5E6AF189BDAA1A0B355F63AE;GroupB;8;2379;1009;0.619778;0.4673747;0.6701504;0.4829893;561.3;0.2135015;False;09/02/2023 12:35:09:419;1693683309419;;
5E6AF189BDAA1A0B355F63AE;GroupB;8;2516;1009;0.6553014;0.4672708;0.7017593;0.4649985;564.8;0.2331957;False;09/02/2023 12:35:09:521;1693683309521;Box Collider2967 hit: (Untagged/Checking Box) | Box Collider3269 hit: (Untagged/Checking Box);
5E6AF189BDAA1A0B355F63AE;GroupB;8;2477;1009;0.6452453;0.4674671;0.6160157;0.4749807;566.8;0.2207458;False;09/02/2023 12:35:09:622;1693683309622;Box Collider2967 hit: (Untagged/Checking Box) | Box Collider3269 hit: (Untagged/Checking Box);
5E6AF189BDAA1A0B355F63AE;GroupB;8;2516;1010;0.6554387;0.4677848;0.6797997;0.4776164;566.3;0.2187374;False;09/02/2023 12:35:09:736;1693683309736;Box Collider2967 hit: (Untagged/Checking Box) | Box Collider3269 hit: (Untagged/Checking Box);
5E6AF189BDAA1A0B355F63AE;GroupB;8;2410;1008;0.6277434;0.4666916;0.5868604;0.4560072;563.1;0.2341642;False;09/02/2023 12:35:09:846;1693683309846;;
5E6AF189BDAA1A0B355F63AE;GroupB;8;2410;1008;0.627667;0.4667495;0.6248814;0.4699775;563.2;0.2177043;False;09/02/2023 12:35:09:957;1693683309957;;
5E6AF189BDAA1A0B355F63AE;GroupB;8;2128;1006;0.5542003;0.4661906;0.4950856;0.4569256;563.4;0.2150035;False;09/02/2023 12:35:10:59;1693683310059;;
5E6AF189BDAA1A0B355F63AE;GroupB;8;2077;1002;0.541081;0.4641059;0.5183595;0.4449139;564.6;0.2062137;False;09/02/2023 12:35:10:175;1693683310175;;
5E6AF189BDAA1A0B355F63AE;GroupB;8;2230;1002;0.5808862;0.4641775;0.6337715;0.4655888;565.7;0.2214721;False;09/02/2023 12:35:10:272;1693683310272;;
5E6AF189BDAA1A0B355F63AE;GroupB;8;2220;1002;0.5781776;0.4641807;0.5633556;0.4643027;566.7;0.2194785;False;09/02/2023 12:35:10:377;1693683310377;;
5E6AF189BDAA1A0B355F63AE;GroupB;8;2265;1002;0.5898736;0.4643393;0.6179333;0.4684357;567.8;0.2182658;False;09/02/2023 12:35:10:483;1693683310483;;
5E6AF189BDAA1A0B355F63AE;GroupB;8;2460;1010;0.6408053;0.4678474;0.6940232;0.4918369;568.4;0.2044611;False;09/02/2023 12:35:10:584;1693683310584;Box Collider2967 hit: (Untagged/Checking Box) | Box Collider3269 hit: (Untagged/Checking Box);
5E6AF189BDAA1A0B355F63AE;GroupB;8;2398;1010;0.6245137;0.4679057;0.5858347;0.4761856;566.2;0.2176486;False;09/02/2023 12:35:10:681;1693683310681;;
5E6AF189BDAA1A0B355F63AE;GroupB;8;2397;1010;0.6243414;0.4679777;0.6163141;0.4707026;568.4;0.2126477;False;09/02/2023 12:35:10:789;1693683310789;;
5E6AF189BDAA1A0B355F63AE;GroupB;8;2343;1011;0.6104075;0.4683629;0.5748393;0.4796375;570.9;0.2014581;False;09/02/2023 12:35:10:897;1693683310897;;
5E6AF189BDAA1A0B355F63AE;GroupB;8;2301;1009;0.5993651;0.4671679;0.5657734;0.4563401;574.3;0.1941781;False;09/02/2023 12:35:11:8;1693683311008;Box Collider2967 hit: (Untagged/Checking Box) | Box Collider3269 hit: (Untagged/Checking Box);
5E6AF189BDAA1A0B355F63AE;GroupB;8;2099;1009;0.5466389;0.4671884;0.4926608;0.4693642;576.0;0.1978273;False;09/02/2023 12:35:11:131;1693683311131;;
5E6AF189BDAA1A0B355F63AE;GroupB;8;2017;1012;0.5253364;0.468808;0.4897963;0.4848721;577.6;0.1930682;False;09/02/2023 12:35:11:262;1693683311262;;
5E6AF189BDAA1A0B355F63AE;GroupB;8;1895;1013;0.4937363;0.469173;0.4493813;0.4811553;577.8;0.2118989;False;09/02/2023 12:35:11:377;1693683311377;;
5E6AF189BDAA1A0B355F63AE;GroupB;8;1939;1010;0.5051325;0.4678439;0.5322241;0.4568533;577.8;0.212502;False;09/02/2023 12:35:11:490;1693683311490;;
5E6AF189BDAA1A0B355F63AE;GroupB;8;1955;1010;0.509121;0.4676352;0.528394;0.4623652;574.8;0.2140947;False;09/02/2023 12:35:11:604;1693683311604;;
5E6AF189BDAA1A0B355F63AE;GroupB;8;2226;1008;0.5796921;0.4666705;0.6390242;0.4532865;574.8;0.2125499;False;09/02/2023 12:35:11:711;1693683311711;;
5E6AF189BDAA1A0B355F63AE;GroupB;8;2485;1024;0.647212;0.474171;0.6996671;0.5054245;571.9;0.2266042;False;09/02/2023 12:35:11:816;1693683311816;Box Collider2967 hit: (Untagged/Checking Box) | Box Collider3269 hit: (Untagged/Checking Box);
5E6AF189BDAA1A0B355F63AE;GroupB;8;2235;1021;0.582156;0.4730268;0.5198025;0.4617372;569.7;0.2111477;False;09/02/2023 12:35:11:939;1693683311939;;
5E6AF189BDAA1A0B355F63AE;GroupB;8;2310;1021;0.6018082;0.4728872;0.635524;0.4670801;568.4;0.2220477;False;09/02/2023 12:35:12:47;1693683312047;Box Collider2967 hit: (Untagged/Checking Box) | Box Collider3269 hit: (Untagged/Checking Box);
5E6AF189BDAA1A0B355F63AE;GroupB;8;2419;1018;0.6299804;0.4713752;0.6687748;0.454571;566.6;0.2276445;False;09/02/2023 12:35:12:171;1693683312171;Box Collider2967 hit: (Untagged/Checking Box) | Box Collider3269 hit: (Untagged/Checking Box);
5E6AF189BDAA1A0B355F63AE;GroupB;8;2493;1019;0.649339;0.4718285;0.6857732;0.4775996;564.4;0.2325077;False;09/02/2023 12:35:12:274;1693683312274;Box Collider2967 hit: (Untagged/Checking Box) | Box Collider3269 hit: (Untagged/Checking Box);
5E6AF189BDAA1A0B355F63AE;GroupB;8;2503;1017;0.6518503;0.4709011;0.6675872;0.457148;566.2;0.2305976;False;09/02/2023 12:35:12:389;1693683312389;Box Collider2967 hit: (Untagged/Checking Box) | Box Collider3269 hit: (Untagged/Checking Box);
5E6AF189BDAA1A0B355F63AE;GroupB;8;2503;1014;0.6519437;0.4698053;0.6540078;0.4524689;570.1;0.209489;False;09/02/2023 12:35:12:498;1693683312498;Box Collider2967 hit: (Untagged/Checking Box) | Box Collider3269 hit: (Untagged/Checking Box);
5E6AF189BDAA1A0B355F63AE;GroupB;8;2505;1014;0.6523654;0.4697011;0.6613675;0.4578228;570.4;0.2177198;False;09/02/2023 12:35:12:610;1693683312610;Box Collider2967 hit: (Untagged/Checking Box) | Box Collider3269 hit: (Untagged/Checking Box);
5E6AF189BDAA1A0B355F63AE;GroupB;8;1998;1014;0.5204566;0.4696629;0.4560907;0.4690215;571.6;0.2035552;False;09/02/2023 12:35:12:725;1693683312725;;
5E6AF189BDAA1A0B355F63AE;GroupB;8;2236;1011;0.582519;0.4683474;0.6537036;0.4508632;574.4;0.1958336;False;09/02/2023 12:35:12:856;1693683312856;;
5E6AF189BDAA1A0B355F63AE;GroupB;8;2239;1011;0.583189;0.4684849;0.6119381;0.4702589;573.9;0.2036786;False;09/02/2023 12:35:12:983;1693683312983;;
5E6AF189BDAA1A0B355F63AE;GroupB;8;2275;1010;0.5926304;0.4679462;0.6330508;0.4557768;575.9;0.1898514;False;09/02/2023 12:35:13:105;1693683313105;;
5E6AF189BDAA1A0B355F63AE;GroupB;8;2310;1010;0.6015739;0.4678787;0.6425943;0.4658354;576.2;0.2124551;False;09/02/2023 12:35:13:214;1693683313214;;
5E6AF189BDAA1A0B355F63AE;GroupB;8;2411;1012;0.6279606;0.4689403;0.6782675;0.479266;574.4;0.218466;False;09/02/2023 12:35:13:340;1693683313340;;
5E6AF189BDAA1A0B355F63AE;GroupB;8;2415;1017;0.6289676;0.4709693;0.6349791;0.4890589;570.1;0.2155317;False;09/02/2023 12:35:13:460;1693683313460;;
5E6AF189BDAA1A0B355F63AE;GroupB;8;2210;1009;0.575739;0.4672494;0.5310393;0.4470587;566.9;0.2092133;False;09/02/2023 12:35:13:582;1693683313582;;
5E6AF189BDAA1A0B355F63AE;GroupB;8;2280;1009;0.5939981;0.4671854;0.6368257;0.4623655;564.5;0.230116;False;09/02/2023 12:35:13:698;1693683313698;;
5E6AF189BDAA1A0B355F63AE;GroupB;8;2185;1009;0.569129;0.4671666;0.5370016;0.465606;560.4;0.2318241;False;09/02/2023 12:35:13:816;1693683313816;;
5E6AF189BDAA1A0B355F63AE;GroupB;8;2185;1008;0.5691461;0.4669468;0.5805662;0.4594017;556.9;0.2358679;False;09/02/2023 12:35:13:927;1693683313927;;
5E6AF189BDAA1A0B355F63AE;GroupB;8;2166;1008;0.564105;0.4668839;0.5496147;0.4608618;557.1;0.231128;False;09/02/2023 12:35:14:66;1693683314066;;
5E6AF189BDAA1A0B355F63AE;GroupB;8;2162;1007;0.563264;0.4663192;0.5552259;0.4535467;557.8;0.2336067;False;09/02/2023 12:35:14:170;1693683314170;;
5E6AF189BDAA1A0B355F63AE;GroupB;8;2174;1006;0.5663516;0.4659504;0.5820528;0.453256;560.0;0.2249604;False;09/02/2023 12:35:14:277;1693683314277;;
5E6AF189BDAA1A0B355F63AE;GroupB;8;2379;1012;0.6196149;0.4689505;0.6741077;0.4872798;556.2;0.2494706;False;09/02/2023 12:35:14:378;1693683314378;;
5E6AF189BDAA1A0B355F63AE;GroupB;8;2267;1012;0.5905489;0.4687992;0.5437216;0.463271;554.4;0.2213519;False;09/02/2023 12:35:14:478;1693683314478;;
5E6AF189BDAA1A0B355F63AE;GroupB;8;2246;1012;0.5849484;0.4687385;0.5606582;0.4640998;551.6;0.2421675;False;09/02/2023 12:35:14:581;1693683314581;;
5E6AF189BDAA1A0B355F63AE;GroupB;8;2311;1011;0.6019287;0.4684472;0.6324452;0.4595961;549.5;0.2237863;False;09/02/2023 12:35:14:689;1693683314689;;
5E6AF189BDAA1A0B355F63AE;GroupB;8;2407;1014;0.6268955;0.4694623;0.6666016;0.4806144;546.9;0.2232396;False;09/02/2023 12:35:14:787;1693683314787;;
5E6AF189BDAA1A0B355F63AE;GroupB;8;2373;1014;0.618017;0.4698939;0.5903723;0.4787893;545.0;0.2377481;False;09/02/2023 12:35:14:889;1693683314889;;
5E6AF189BDAA1A0B355F63AE;GroupB;8;2353;1015;0.6129151;0.470107;0.5885399;0.4782178;543.0;0.2315903;False;09/02/2023 12:35:14:989;1693683314989;;
5E6AF189BDAA1A0B355F63AE;GroupB;8;2352;1015;0.6127113;0.4700875;0.6051179;0.4694601;543.3;0.2191577;False;09/02/2023 12:35:15:91;1693683315091;;
5E6AF189BDAA1A0B355F63AE;GroupB;8;2349;1015;0.6118232;0.4701074;0.5973789;0.4737883;542.8;0.2008471;False;09/02/2023 12:35:15:205;1693683315205;;
5E6AF189BDAA1A0B355F63AE;GroupB;8;2330;1011;0.6068158;0.4680999;0.5807143;0.4511644;543.5;0.216066;False;09/02/2023 12:35:15:308;1693683315308;;
5E6AF189BDAA1A0B355F63AE;GroupB;8;2331;1009;0.6070404;0.4674781;0.6084839;0.4555045;542.3;0.2063725;False;09/02/2023 12:35:15:420;1693683315420;;
5E6AF189BDAA1A0B355F63AE;GroupB;8;2276;1008;0.5928946;0.4668694;0.5580902;0.4530131;540.2;0.2050884;False;09/02/2023 12:35:15:529;1693683315529;;
5E6AF189BDAA1A0B355F63AE;GroupB;8;2257;1013;0.5879196;0.4692926;0.5628729;0.4849452;539.7;0.1973015;False;09/02/2023 12:35:15:643;1693683315643;;
5E6AF189BDAA1A0B355F63AE;GroupB;8;2173;1012;0.5660225;0.4685353;0.5237724;0.4573582;538.5;0.1895381;False;09/02/2023 12:35:15:760;1693683315760;;
5E6AF189BDAA1A0B355F63AE;GroupB;8;2320;1011;0.604427;0.4683846;0.6421032;0.4610236;540.5;0.2144867;False;09/02/2023 12:35:15:903;1693683315903;;
5E6AF189BDAA1A0B355F63AE;GroupB;8;2337;1015;0.6086672;0.4700147;0.6234385;0.4835925;540.9;0.2103169;False;09/02/2023 12:35:16:19;1693683316019;Box Collider2967 hit: (Untagged/CollisionObject0) | Box Collider3269 hit: (Untagged/CollisionObject0);
5E6AF189BDAA1A0B355F63AE;GroupB;8;2237;1011;0.5825608;0.4680707;0.5457245;0.4524296;544.7;0.2212668;False;09/02/2023 12:35:16:165;1693683316165;;
5E6AF189BDAA1A0B355F63AE;GroupB;8;2150;1008;0.5600141;0.466833;0.5225983;0.4502915;549.4;0.2046811;False;09/02/2023 12:35:16:296;1693683316296;;
5E6AF189BDAA1A0B355F63AE;GroupB;8;2249;1008;0.5857528;0.4667553;0.6186548;0.4654124;552.3;0.206229;False;09/02/2023 12:35:16:449;1693683316449;Box Collider2967 hit: (Untagged/CollisionObject0) | Box Collider3269 hit: (Untagged/CollisionObject0);
5E6AF189BDAA1A0B355F63AE;GroupB;8;2119;1007;0.5520361;0.4664632;0.511834;0.4566041;556.6;0.209613;False;09/02/2023 12:35:16:594;1693683316594;;
5E6AF189BDAA1A0B355F63AE;GroupB;8;2126;1007;0.5537102;0.4663868;0.5646994;0.4576239;558.4;0.2103732;False;09/02/2023 12:35:16:718;1693683316718;;
5E6AF189BDAA1A0B355F63AE;GroupB;8;2104;1004;0.5479757;0.465028;0.5286459;0.4462884;559.4;0.2171739;False;09/02/2023 12:35:16:841;1693683316841;EyeTrackingList hit: (CoveredArea/Sphere (139)) | Sphere (133)2942 hit: (CoveredArea/Sphere (139)) | Sphere (20)2944 hit: (CoveredArea/Sphere (139)) | Sphere (94)2948 hit: (CoveredArea/Sphere (139)) | Sphere (58)2951 hit: (CoveredArea/Sphere (139)) | Sphere (76)2952 hit: (CoveredArea/Sphere (139)) | Sphere (110)2953 hit: (CoveredArea/Sphere (139)) | Sphere (27)2955 hit: (CoveredArea/Sphere (139)) | Sphere (88)2959 hit: (CoveredArea/Sphere (139)) | Sphere (44)2960 hit: (CoveredArea/Sphere (139)) | Sphere (7)2962 hit: (CoveredArea/Sphere (139)) | Sphere (59)2963 hit: (CoveredArea/Sphere (139)) | Sphere (68)2968 hit: (CoveredArea/Sphere (139)) | Sphere (142)2969 hit: (CoveredArea/Sphere (139)) | Sphere (3)2973 hit: (CoveredArea/Sphere (139)) | Sphere (5)2978 hit: (CoveredArea/Sphere (139)) | Sphere (109)2979 hit: (CoveredArea/Sphere (139)) | Sphere (118)2980 hit: (CoveredArea/Sphere (139)) | Sphere (70)2981 hit: (CoveredArea/Sphere (139)) | Sphere (96)2985 hit: (CoveredArea/Sphere (139)) | Sphere (81)2986 hit: (CoveredArea/Sphere (139)) | Sphere (124)2988 hit: (CoveredArea/Sphere (139)) | Sphere (72)2990 hit: (CoveredArea/Sphere (139)) | Sphere (83)2991 hit: (CoveredArea/Sphere (139)) | Sphere (16)2992 hit: (CoveredArea/Sphere (139)) | Sphere (99)2993 hit: (CoveredArea/Sphere (139)) | Sphere (141)2994 hit: (CoveredArea/Sphere (139)) | Sphere (32)3000 hit: (CoveredArea/Sphere (139)) | Sphere (98)3001 hit: (CoveredArea/Sphere (139)) | Sphere (40)3002 hit: (CoveredArea/Sphere (139)) | Sphere (122)3009 hit: (CoveredArea/Sphere (139)) | Sphere (120)3012 hit: (CoveredArea/Sphere (139)) | Sphere (91)3014 hit: (CoveredArea/Sphere (139)) | Sphere (89)3015 hit: (CoveredArea/Sphere (139)) | Sphere (31)3017 hit: (CoveredArea/Sphere (139)) | Sphere (30)3021 hit: (CoveredArea/Sphere (139)) | Sphere (85)3023 hit: (CoveredArea/Sphere (139)) | Sphere (102)3028 hit: (CoveredArea/Sphere (139)) | Sphere (119)3033 hit: (CoveredArea/Sphere (139)) | Sphere (77)3039 hit: (CoveredArea/Sphere (139)) | Sphere (34)3040 hit: (CoveredArea/Sphere (139)) | Sphere (71)3048 hit: (CoveredArea/Sphere (139)) | Sphere3049 hit: (CoveredArea/Sphere (139)) | Sphere (84)3051 hit: (CoveredArea/Sphere (139)) | Sphere (43)3053 hit: (CoveredArea/Sphere (139)) | Sphere (26)3055 hit: (CoveredArea/Sphere (139)) | Sphere (21)3060 hit: (CoveredArea/Sphere (139)) | Sphere (143)3062 hit: (CoveredArea/Sphere (139)) | Sphere (42)3063 hit: (CoveredArea/Sphere (139)) | Sphere (104)3068 hit: (CoveredArea/Sphere (139)) | Sphere (51)3069 hit: (CoveredArea/Sphere (139)) | Sphere (113)3072 hit: (CoveredArea/Sphere (139)) | Sphere (22)3073 hit: (CoveredArea/Sphere (139)) | Sphere (115)3076 hit: (CoveredArea/Sphere (139)) | Sphere (103)3077 hit: (CoveredArea/Sphere (139)) | Sphere (54)3080 hit: (CoveredArea/Sphere (139)) | Sphere (108)3082 hit: (CoveredArea/Sphere (139)) | Sphere (90)3084 hit: (CoveredArea/Sphere (139)) | Sphere (37)3085 hit: (CoveredArea/Sphere (139)) | Sphere (107)3086 hit: (CoveredArea/Sphere (139)) | Sphere (66)3089 hit: (CoveredArea/Sphere (139)) | Sphere (112)3095 hit: (CoveredArea/Sphere (139)) | Sphere (10)3099 hit: (CoveredArea/Sphere (139)) | Sphere (137)3101 hit: (CoveredArea/Sphere (139)) | Sphere (55)3108 hit: (CoveredArea/Sphere (139)) | Sphere (92)3109 hit: (CoveredArea/Sphere (139)) | Sphere (75)3114 hit: (CoveredArea/Sphere (139)) | Sphere (64)3116 hit: (CoveredArea/Sphere (139)) | Sphere (95)3118 hit: (CoveredArea/Sphere (139)) | Sphere (140)3124 hit: (CoveredArea/Sphere (139)) | Sphere (61)3125 hit: (CoveredArea/Sphere (139)) | Sphere (24)3126 hit: (CoveredArea/Sphere (139)) | Sphere (25)3129 hit: (CoveredArea/Sphere (139)) | Sphere (73)3134 hit: (CoveredArea/Sphere (139)) | Sphere (128)3138 hit: (CoveredArea/Sphere (139)) | Sphere (15)3140 hit: (CoveredArea/Sphere (139)) | Sphere (86)3141 hit: (CoveredArea/Sphere (139)) | Sphere (2)3142 hit: (CoveredArea/Sphere (139)) | Sphere (1)3144 hit: (CoveredArea/Sphere (139)) | Sphere (46)3150 hit: (CoveredArea/Sphere (139)) | Sphere (87)3152 hit: (CoveredArea/Sphere (139)) | Sphere (45)3155 hit: (CoveredArea/Sphere (139)) | Sphere (41)3159 hit: (CoveredArea/Sphere (139)) | Sphere (78)3160 hit: (CoveredArea/Sphere (139)) | Sphere (123)3164 hit: (CoveredArea/Sphere (139)) | Sphere (39)3165 hit: (CoveredArea/Sphere (139)) | Sphere (130)3167 hit: (CoveredArea/Sphere (139)) | Sphere (134)3172 hit: (CoveredArea/Sphere (139)) | Sphere (136)3174 hit: (CoveredArea/Sphere (139)) | Sphere (17)3176 hit: (CoveredArea/Sphere (139)) | Sphere (47)3179 hit: (CoveredArea/Sphere (139)) | Sphere (74)3181 hit: (CoveredArea/Sphere (139)) | Sphere (127)3186 hit: (CoveredArea/Sphere (139)) | Sphere (56)3188 hit: (CoveredArea/Sphere (139)) | Sphere (97)3191 hit: (CoveredArea/Sphere (139)) | Sphere (52)3193 hit: (CoveredArea/Sphere (139)) | Sphere (48)3194 hit: (CoveredArea/Sphere (139)) | Sphere (79)3200 hit: (CoveredArea/Sphere (139)) | Sphere (139)3202 hit: (CoveredArea/Sphere (139)) | Sphere (29)3204 hit: (CoveredArea/Sphere (139)) | Sphere (11)3206 hit: (CoveredArea/Sphere (139)) | Sphere (144)3208 hit: (CoveredArea/Sphere (139)) | Sphere (93)3213 hit: (CoveredArea/Sphere (139)) | Sphere (114)3215 hit: (CoveredArea/Sphere (139)) | Sphere (145)3218 hit: (CoveredArea/Sphere (139)) | Sphere (49)3219 hit: (CoveredArea/Sphere (139)) | Sphere (38)3221 hit: (CoveredArea/Sphere (139)) | Sphere (80)3222 hit: (CoveredArea/Sphere (139)) | Sphere (50)3223 hit: (CoveredArea/Sphere (139)) | Sphere (6)3226 hit: (CoveredArea/Sphere (139)) | Sphere (28)3227 hit: (CoveredArea/Sphere (139)) | Sphere (67)3228 hit: (CoveredArea/Sphere (139)) | Sphere (101)3229 hit: (CoveredArea/Sphere (139)) | Sphere (82)3231 hit: (CoveredArea/Sphere (139)) | Sphere (146)3234 hit: (CoveredArea/Sphere (139)) | Sphere (106)3236 hit: (CoveredArea/Sphere (139)) | Sphere (18)3237 hit: (CoveredArea/Sphere (139)) | Sphere (14)3240 hit: (CoveredArea/Sphere (139)) | Sphere (57)3241 hit: (CoveredArea/Sphere (139)) | Sphere (4)3244 hit: (CoveredArea/Sphere (139)) | Sphere (126)3246 hit: (CoveredArea/Sphere (139)) | Sphere (9)3252 hit: (CoveredArea/Sphere (139)) | Sphere (129)3254 hit: (CoveredArea/Sphere (139)) | Sphere (132)3255 hit: (CoveredArea/Sphere (139)) | Sphere (100)3256 hit: (CoveredArea/Sphere (139)) | Sphere (135)3260 hit: (CoveredArea/Sphere (139)) | Sphere (35)3266 hit: (CoveredArea/Sphere (139)) | Sphere (138)3270 hit: (CoveredArea/Sphere (139)) | Sphere (12)3271 hit: (CoveredArea/Sphere (139)) | Sphere (36)3276 hit: (CoveredArea/Sphere (139)) | Sphere (131)3282 hit: (CoveredArea/Sphere (139)) | Sphere (117)3283 hit: (CoveredArea/Sphere (139)) | Sphere (33)3284 hit: (CoveredArea/Sphere (139)) | Sphere (125)3289 hit: (CoveredArea/Sphere (139)) | Sphere (8)3295 hit: (CoveredArea/Sphere (139)) | Sphere (63)3296 hit: (CoveredArea/Sphere (139)) | Sphere (13)3297 hit: (CoveredArea/Sphere (139)) | Sphere (69)3301 hit: (CoveredArea/Sphere (139)) | Sphere (121)3303 hit: (CoveredArea/Sphere (139)) | Sphere (116)3304 hit: (CoveredArea/Sphere (139)) | Sphere (53)3309 hit: (CoveredArea/Sphere (139)) | Sphere (111)3312 hit: (CoveredArea/Sphere (139)) | Sphere (62)3316 hit: (CoveredArea/Sphere (139)) | Sphere (65)3318 hit: (CoveredArea/Sphere (139)) | Sphere (19)3319 hit: (CoveredArea/Sphere (139)) | Sphere (60)3320 hit: (CoveredArea/Sphere (139)) | Sphere (105)3321 hit: (CoveredArea/Sphere (139)) | Sphere (23)3324 hit: (CoveredArea/Sphere (139));
5E6AF189BDAA1A0B355F63AE;GroupB;8;2102;1003;0.5475439;0.464814;0.5395269;0.4592582;557.7;0.209088;False;09/02/2023 12:35:16:971;1693683316971;Box Collider2967 hit: (Untagged/CollisionObject0) | Box Collider3269 hit: (Untagged/CollisionObject0);
5E6AF189BDAA1A0B355F63AE;GroupB;8;2073;1003;0.5398468;0.4647253;0.5142347;0.4578828;557.0;0.2023704;False;09/02/2023 12:35:17:98;1693683317098;;
5E6AF189BDAA1A0B355F63AE;GroupB;8;2093;1005;0.5452271;0.4653257;0.5611993;0.4718695;556.9;0.2151407;False;09/02/2023 12:35:17:226;1693683317226;Box Collider2967 hit: (Untagged/CollisionObject0) | Box Collider3269 hit: (Untagged/CollisionObject0);
5E6AF189BDAA1A0B355F63AE;GroupB;8;2116;1003;0.5510452;0.4648117;0.5706026;0.4550845;557.6;0.2020801;False;09/02/2023 12:35:17:360;1693683317360;Box Collider2967 hit: (Untagged/CollisionObject0) | Box Collider3269 hit: (Untagged/CollisionObject0);
5E6AF189BDAA1A0B355F63AE;GroupB;8;2115;1003;0.5508872;0.4647894;0.5488558;0.4639618;560.0;0.2025179;False;09/02/2023 12:35:17:487;1693683317487;Box Collider2967 hit: (Untagged/CollisionObject0) | Box Collider3269 hit: (Untagged/CollisionObject0);
5E6AF189BDAA1A0B355F63AE;GroupB;8;2377;1003;0.6190468;0.4647729;0.6718561;0.4627762;565.1;0.2042095;False;09/02/2023 12:35:17:617;1693683317617;;
5E6AF189BDAA1A0B355F63AE;GroupB;8;2521;1003;0.6565444;0.4646659;0.6943448;0.4591685;568.8;0.1998561;False;09/02/2023 12:35:17:756;1693683317756;;
5E6AF189BDAA1A0B355F63AE;GroupB;8;2555;1007;0.6655291;0.4662374;0.6863643;0.4795777;573.3;0.2054373;False;09/02/2023 12:35:17:891;1693683317891;Box Collider2967 hit: (Untagged/pipe (19)) | Box Collider3269 hit: (Untagged/pipe (19));
5E6AF189BDAA1A0B355F63AE;GroupB;8;2571;1007;0.6696164;0.4665575;0.6869372;0.4752627;575.2;0.2089429;False;09/02/2023 12:35:18:20;1693683318020;;
5E6AF189BDAA1A0B355F63AE;GroupB;8;2574;1006;0.6704571;0.4659387;0.6814051;0.4588794;576.0;0.2056309;False;09/02/2023 12:35:18:171;1693683318171;;
5E6AF189BDAA1A0B355F63AE;GroupB;8;2267;978;0.5905811;0.4531949;0.5402873;0.4146824;576.6;0.2006683;False;09/02/2023 12:35:18:317;1693683318317;;
5E6AF189BDAA1A0B355F63AE;GroupB;8;2255;977;0.5873163;0.4526043;0.5789078;0.4359921;574.2;0.2051039;False;09/02/2023 12:35:18:464;1693683318464;Box Collider2967 hit: (Untagged/Lamps Left) | Box Collider3269 hit: (Untagged/Lamps Left);
5E6AF189BDAA1A0B355F63AE;GroupB;8;2438;983;0.635063;0.4551878;0.6819727;0.4682483;572.0;0.1890909;False;09/02/2023 12:35:18:618;1693683318618;;
5E6AF189BDAA1A0B355F63AE;GroupB;8;2463;987;0.6416555;0.4572626;0.6642014;0.4733764;571.0;0.1929925;False;09/02/2023 12:35:18:758;1693683318758;;
5E6AF189BDAA1A0B355F63AE;GroupB;8;2499;959;0.6508175;0.4442125;0.6792704;0.4069672;568.8;0.2018842;False;09/02/2023 12:35:18:895;1693683318895;;
5E6AF189BDAA1A0B355F63AE;GroupB;8;2480;957;0.6458816;0.4430793;0.6319212;0.4262449;570.0;0.199187;False;09/02/2023 12:35:19:29;1693683319029;;
5E6AF189BDAA1A0B355F63AE;GroupB;8;2478;962;0.6453346;0.4453853;0.6399636;0.4591126;572.4;0.2012525;False;09/02/2023 12:35:19:163;1693683319163;;
5E6AF189BDAA1A0B355F63AE;GroupB;8;2501;962;0.6513503;0.4454888;0.6709903;0.4488528;575.1;0.193476;False;09/02/2023 12:35:19:313;1693683319313;Box Collider2967 hit: (Untagged/Lamps Left) | Box Collider3269 hit: (Untagged/Lamps Left);
5E6AF189BDAA1A0B355F63AE;GroupB;8;2346;962;0.6109416;0.4456045;0.5691425;0.4503635;578.9;0.1922108;False;09/02/2023 12:35:19:444;1693683319444;;
5E6AF189BDAA1A0B355F63AE;GroupB;8;2239;961;0.5832742;0.4452175;0.5468482;0.4386418;579.2;0.1936205;False;09/02/2023 12:35:19:572;1693683319572;;
5E6AF189BDAA1A0B355F63AE;GroupB;8;2390;965;0.6225584;0.4469256;0.6680929;0.4624513;579.3;0.2035284;False;09/02/2023 12:35:19:696;1693683319696;Box Collider2967 hit: (Untagged/CollisionObject0) | Box Collider3269 hit: (Untagged/CollisionObject0);
5E6AF189BDAA1A0B355F63AE;GroupB;8;2442;966;0.6361654;0.447394;0.6648273;0.4586222;576.7;0.2216667;False;09/02/2023 12:35:19:829;1693683319829;Box Collider2967 hit: (Untagged/CollisionObject0) | Box Collider3269 hit: (Untagged/CollisionObject0);
5E6AF189BDAA1A0B355F63AE;GroupB;8;2378;966;0.6194217;0.4474497;0.5891677;0.4560165;575.3;0.220194;False;09/02/2023 12:35:19:953;1693683319953;;
5E6AF189BDAA1A0B355F63AE;GroupB;8;1823;967;0.4749953;0.4479158;0.4097869;0.461217;573.0;0.2156619;False;09/02/2023 12:35:20:78;1693683320078;;
5E6AF189BDAA1A0B355F63AE;GroupB;8;2154;967;0.5611302;0.4480497;0.6362823;0.4514609;572.7;0.2273881;False;09/02/2023 12:35:20:200;1693683320200;;
5E6AF189BDAA1A0B355F63AE;GroupB;8;2056;967;0.535601;0.4481017;0.5015251;0.4497134;573.6;0.2185063;False;09/02/2023 12:35:20:318;1693683320318;;
5E6AF189BDAA1A0B355F63AE;GroupB;8;2085;968;0.5430823;0.4484695;0.5688652;0.4584754;572.2;0.2096962;False;09/02/2023 12:35:20:459;1693683320459;;
5E6AF189BDAA1A0B355F63AE;GroupB;8;2584;974;0.6729236;0.4509422;0.7427407;0.4743193;571.7;0.2235123;False;09/02/2023 12:35:20:569;1693683320569;;
5E6AF189BDAA1A0B355F63AE;GroupB;8;2201;971;0.5732111;0.4499782;0.5058059;0.4428344;572.1;0.2324929;False;09/02/2023 12:35:20:719;1693683320719;;
5E6AF189BDAA1A0B355F63AE;GroupB;8;2314;979;0.6026279;0.4533232;0.6437144;0.4778502;571.7;0.2284889;False;09/02/2023 12:35:20:828;1693683320828;Box Collider2967 hit: (Untagged/CollisionObject0) | Box Collider3269 hit: (Untagged/CollisionObject0);
5E6AF189BDAA1A0B355F63AE;GroupB;8;2314;978;0.6027179;0.4530396;0.6047637;0.4496335;569.7;0.2163853;False;09/02/2023 12:35:20:955;1693683320955;Box Collider2967 hit: (Untagged/CollisionObject0) | Box Collider3269 hit: (Untagged/CollisionObject0);
5E6AF189BDAA1A0B355F63AE;GroupB;8;2049;979;0.5336019;0.4532558;0.4803142;0.4615243;567.9;0.2202335;False;09/02/2023 12:35:21:80;1693683321080;;
5E6AF189BDAA1A0B355F63AE;GroupB;8;2137;979;0.5565277;0.4533276;0.5992853;0.4606537;565.1;0.2056521;False;09/02/2023 12:35:21:205;1693683321205;;
5E6AF189BDAA1A0B355F63AE;GroupB;8;2138;979;0.5568638;0.4533663;0.5684836;0.4605224;562.6;0.2168989;False;09/02/2023 12:35:21:344;1693683321344;;
5E6AF189BDAA1A0B355F63AE;GroupB;8;2035;986;0.5301762;0.456678;0.4937832;0.4831221;559.7;0.2000531;False;09/02/2023 12:35:21:450;1693683321450;;
5E6AF189BDAA1A0B355F63AE;GroupB;8;2249;986;0.585859;0.4568985;0.6403061;0.4623455;558.3;0.2034831;False;09/02/2023 12:35:21:565;1693683321565;;
5E6AF189BDAA1A0B355F63AE;GroupB;8;2252;987;0.5867164;0.4569756;0.5940468;0.4646262;553.4;0.2173677;False;09/02/2023 12:35:21:669;1693683321669;;
5E6AF189BDAA1A0B355F63AE;GroupB;8;1920;995;0.5000455;0.4609119;0.4443274;0.4886512;551.0;0.212425;False;09/02/2023 12:35:21:800;1693683321800;;
5E6AF189BDAA1A0B355F63AE;GroupB;8;2347;995;0.6113684;0.4609143;0.6777296;0.4609393;549.2;0.2090421;False;09/02/2023 12:35:21:929;1693683321929;;
5E6AF189BDAA1A0B355F63AE;GroupB;8;2339;991;0.6093571;0.4591084;0.584561;0.4466272;548.5;0.2081003;False;09/02/2023 12:35:22:69;1693683322069;;
5E6AF189BDAA1A0B355F63AE;GroupB;8;2394;951;0.6234449;0.4405328;0.646806;0.3923474;551.6;0.2097601;False;09/02/2023 12:35:22:187;1693683322187;;
5E6AF189BDAA1A0B355F63AE;GroupB;8;2468;965;0.642774;0.4470811;0.6737438;0.4732935;554.9;0.2196965;False;09/02/2023 12:35:22:306;1693683322306;;
5E6AF189BDAA1A0B355F63AE;GroupB;8;2654;976;0.6911699;0.4519373;0.7369968;0.4786067;556.2;0.2332318;False;09/02/2023 12:35:22:434;1693683322434;;
5E6AF189BDAA1A0B355F63AE;GroupB;8;2648;976;0.6897963;0.4521982;0.6741485;0.46547;553.9;0.2051223;False;09/02/2023 12:35:22:547;1693683322547;;
5E6AF189BDAA1A0B355F63AE;GroupB;8;2645;983;0.6888083;0.4551879;0.6729944;0.4828916;551.9;0.2327803;False;09/02/2023 12:35:22:655;1693683322655;;
5E6AF189BDAA1A0B355F63AE;GroupB;8;2576;980;0.6710457;0.4539033;0.6321313;0.4453586;548.7;0.2014521;False;09/02/2023 12:35:22:773;1693683322773;Box Collider2967 hit: (Untagged/CollisionObject0) | Box Collider3269 hit: (Untagged/CollisionObject0);
5E6AF189BDAA1A0B355F63AE;GroupB;8;2581;983;0.6723694;0.455263;0.6789153;0.4738425;548.0;0.2113108;False;09/02/2023 12:35:22:877;1693683322877;;
5E6AF189BDAA1A0B355F63AE;GroupB;8;2591;985;0.6748924;0.4560387;0.6868884;0.473414;547.1;0.2259673;False;09/02/2023 12:35:22:992;1693683322992;;
5E6AF189BDAA1A0B355F63AE;GroupB;8;2591;983;0.6747793;0.4555049;0.6716349;0.4507308;545.4;0.2026475;False;09/02/2023 12:35:23:121;1693683323121;;
5E6AF189BDAA1A0B355F63AE;GroupB;8;2569;983;0.6690316;0.4551574;0.6473338;0.4497029;544.1;0.2021822;False;09/02/2023 12:35:23:237;1693683323237;Box Collider2967 hit: (Untagged/CollisionObject0) | Box Collider3269 hit: (Untagged/CollisionObject0);
5E6AF189BDAA1A0B355F63AE;GroupB;8;2568;975;0.6690063;0.4516781;0.662201;0.4298778;543.4;0.2190433;False;09/02/2023 12:35:23:365;1693683323365;Box Collider2967 hit: (Untagged/CollisionObject0) | Box Collider3269 hit: (Untagged/CollisionObject0);
5E6AF189BDAA1A0B355F63AE;GroupB;8;2568;974;0.6689141;0.4511425;0.6641678;0.4376753;542.9;0.2154859;False;09/02/2023 12:35:23:483;1693683323483;Box Collider2967 hit: (Untagged/CollisionObject0) | Box Collider3269 hit: (Untagged/CollisionObject0);
5E6AF189BDAA1A0B355F63AE;GroupB;8;2562;974;0.667375;0.4511963;0.6530951;0.4520394;544.7;0.2141786;False;09/02/2023 12:35:23:609;1693683323609;Box Collider2967 hit: (Untagged/CollisionObject0) | Box Collider3269 hit: (Untagged/CollisionObject0);
5E6AF189BDAA1A0B355F63AE;GroupB;8;2562;984;0.6672441;0.4556422;0.665542;0.4779564;547.1;0.2071625;False;09/02/2023 12:35:23:745;1693683323745;Box Collider2967 hit: (Untagged/CollisionObject0) | Box Collider3269 hit: (Untagged/CollisionObject0);
5E6AF189BDAA1A0B355F63AE;GroupB;8;2324;981;0.6052154;0.4545106;0.5525487;0.4436821;550.7;0.1947291;False;09/02/2023 12:35:23:874;1693683323874;;
5E6AF189BDAA1A0B355F63AE;GroupB;8;2388;981;0.6221206;0.4544101;0.6571535;0.4497705;554.8;0.2066153;False;09/02/2023 12:35:24:5;1693683324005;;
5E6AF189BDAA1A0B355F63AE;GroupB;8;2428;978;0.632322;0.4531498;0.6634181;0.4380136;561.0;0.208248;False;09/02/2023 12:35:24:133;1693683324133;;
5E6AF189BDAA1A0B355F63AE;GroupB;8;2054;978;0.5350693;0.4531006;0.4790821;0.4517711;564.6;0.2063241;False;09/02/2023 12:35:24:253;1693683324253;;
5E6AF189BDAA1A0B355F63AE;GroupB;8;2278;969;0.5934709;0.4490336;0.6584153;0.4227256;566.9;0.2003985;False;09/02/2023 12:35:24:380;1693683324380;;
5E6AF189BDAA1A0B355F63AE;GroupB;8;1907;969;0.4966306;0.448904;0.4403152;0.4465562;567.1;0.2033474;False;09/02/2023 12:35:24:493;1693683324493;;
5E6AF189BDAA1A0B355F63AE;GroupB;8;2266;960;0.5901145;0.4446994;0.6634007;0.4159734;567.6;0.19503;False;09/02/2023 12:35:24:614;1693683324614;;
5E6AF189BDAA1A0B355F63AE;GroupB;8;2269;963;0.5909615;0.4459438;0.6015865;0.4550427;568.9;0.1858278;False;09/02/2023 12:35:24:721;1693683324721;;
5E6AF189BDAA1A0B355F63AE;GroupB;8;2375;978;0.6187416;0.4532028;0.6621449;0.4835629;570.1;0.1870979;False;09/02/2023 12:35:24:830;1693683324830;;
5E6AF189BDAA1A0B355F63AE;GroupB;8;2301;986;0.5992963;0.4568655;0.564923;0.4831822;570.2;0.1915464;False;09/02/2023 12:35:24:936;1693683324936;;
5E6AF189BDAA1A0B355F63AE;GroupB;8;2351;991;0.6124132;0.4588648;0.6428007;0.4827139;570.0;0.192542;False;09/02/2023 12:35:25:50;1693683325050;;
5E6AF189BDAA1A0B355F63AE;GroupB;8;2459;991;0.6405981;0.4591854;0.6825296;0.4679453;569.1;0.1884962;False;09/02/2023 12:35:25:169;1693683325169;;
5E6AF189BDAA1A0B355F63AE;GroupB;8;2458;992;0.6402252;0.4593371;0.6363932;0.4619908;566.9;0.1897966;False;09/02/2023 12:35:25:294;1693683325294;;
5E6AF189BDAA1A0B355F63AE;GroupB;8;2460;989;0.6407812;0.4581212;0.6485386;0.4474159;570.7;0.207105;False;09/02/2023 12:35:25:408;1693683325408;;
5E6AF189BDAA1A0B355F63AE;GroupB;8;2468;988;0.6427491;0.4577342;0.6571687;0.4503651;573.4;0.2133089;False;09/02/2023 12:35:25:535;1693683325535;;
5E6AF189BDAA1A0B355F63AE;GroupB;8;2477;969;0.6451826;0.4489704;0.6636059;0.411952;576.4;0.1997228;False;09/02/2023 12:35:25:641;1693683325641;;
5E6AF189BDAA1A0B355F63AE;GroupB;8;2479;952;0.6458154;0.4409911;0.65986;0.4021388;579.2;0.2089003;False;09/02/2023 12:35:25:758;1693683325758;;
5E6AF189BDAA1A0B355F63AE;GroupB;8;2792;960;0.7272727;0.4448692;0.7897034;0.4624276;580.8;0.2146658;False;09/02/2023 12:35:25:868;1693683325868;Box Collider2967 hit: (Untagged/Checking Box) | Box Collider3269 hit: (Untagged/Checking Box);
5E6AF189BDAA1A0B355F63AE;GroupB;8;2781;959;0.7243684;0.4439923;0.6998402;0.4289025;582.2;0.2053085;False;09/02/2023 12:35:25:985;1693683325985;Box Collider2967 hit: (Untagged/Checking Box) | Box Collider3269 hit: (Untagged/Checking Box);
5E6AF189BDAA1A0B355F63AE;GroupB;8;2769;955;0.7211249;0.4422861;0.6947303;0.4210384;583.0;0.2086643;False;09/02/2023 12:35:26:104;1693683326104;Box Collider2967 hit: (Untagged/Checking Box) | Box Collider3269 hit: (Untagged/Checking Box);
5E6AF189BDAA1A0B355F63AE;GroupB;8;2676;956;0.6969344;0.4427212;0.6510796;0.4468082;583.3;0.1931048;False;09/02/2023 12:35:26:225;1693683326225;;
5E6AF189BDAA1A0B355F63AE;GroupB;8;2419;960;0.6301511;0.4448469;0.5709896;0.4602002;584.2;0.2135169;False;09/02/2023 12:35:26:346;1693683326346;;
5E6AF189BDAA1A0B355F63AE;GroupB;8;2240;962;0.5833668;0.4456699;0.5366383;0.4580292;582.6;0.203109;False;09/02/2023 12:35:26:467;1693683326467;;
